<?xml version="1.0" encoding="UTF-8"?>
<inputControl exportedWithPermissions="true">
    <folder>/Input_Controls</folder>
    <name>Start_Date</name>
    <version>0</version>
    <label>Start Date</label>
    <description></description>
    <creationDate>2017-06-20T20:37:35.000+02:00</creationDate>
    <updateDate>2017-03-22T10:51:30.000+02:00</updateDate>
    <type>2</type>
    <mandatory>true</mandatory>
    <readOnly>false</readOnly>
    <visible>true</visible>
    <dataType>
        <localResource
            xmlns:xsi="http://www.w3.org/2001/XMLSchema-instance"
            exportedWithPermissions="false" xsi:type="dataType">
            <folder>/Input_Controls/Start_Date_files</folder>
            <name>Start_Date</name>
            <version>0</version>
            <label>Start Date</label>
            <description></description>
            <creationDate>2017-06-20T20:37:35.000+02:00</creationDate>
            <updateDate>2017-03-22T10:51:30.000+02:00</updateDate>
            <type>3</type>
            <strictMin>false</strictMin>
            <strictMax>false</strictMax>
        </localResource>
    </dataType>
</inputControl>
