<?xml version="1.0" encoding="UTF-8"?>
<folder exportedWithPermissions="true">
    <name>/</name>
    <label>root</label>
    <description>Root of the folder hierarchy</description>
    <creationDate>2017-06-20T20:19:09.000+02:00</creationDate>
    <updateDate>2016-06-30T04:02:32.000+02:00</updateDate>
    <folder>Data_Sources</folder>
    <folder>Images</folder>
    <folder>Input_Controls</folder>
    <folder>Reports</folder>
    <folder>themes</folder>
    <permission>
        <permissionMask>1</permissionMask>
        <recipient recipientType="role">ROLE_ADMINISTRATOR</recipient>
    </permission>
    <permission>
        <permissionMask>2</permissionMask>
        <recipient recipientType="role">ROLE_USER</recipient>
    </permission>
</folder>
