<?xml version="1.0" encoding="UTF-8"?>
<jdbcDataSource exportedWithPermissions="true">
    <folder>/Data_Sources</folder>
    <name>BSIS_Database</name>
    <version>0</version>
    <label>BSIS Database</label>
    <creationDate>2017-06-20T20:37:34.000+02:00</creationDate>
    <updateDate>2017-03-27T10:51:43.000+02:00</updateDate>
    <driver>org.mariadb.jdbc.Driver</driver>
    <connectionUrl>jdbc:mysql://localhost:3306/bsis?tinyInt1isBit=false</connectionUrl>
    <connectionUser>root</connectionUser>
    <connectionPassword>ENC&lt;48F2CBF603E6E862F0A6FF2C5C05F2DD&gt;</connectionPassword>
    <timezone></timezone>
</jdbcDataSource>
